{
	"format_version": "1.8.0",
	"animations": {
		"animation.model.fire": {
			"loop": true,
			"animation_length": 1.05,
			"bones": {
				"main": {
					"rotation": {
						"0.0": {
							"vector": [0, 0, 0]
						},
						"0.0833": {
							"vector": [-3.72338, -0.27569, -1.99651]
						},
						"0.1667": {
							"vector": [-3.71277, 0.50071, -0.76276]
						},
						"0.2667": {
							"vector": [-2.71289, 0.5138, -0.76295]
						},
						"0.35": {
							"vector": [-1.60405, 0.30967, 0.05694]
						},
						"0.4333": {
							"vector": [0.57515, 0.05523, 1.99083]
						},
						"0.5667": {
							"vector": [0.5, 0, -0.75]
						},
						"0.6833": {
							"vector": [0, 0, 0]
						}
					},
					"position": {
						"0.0": {
							"vector": [0, 0, 0]
						},
						"0.0333": {
							"vector": [-0.00312, -0.00203, 4.87432]
						},
						"0.1333": {
							"vector": [0.00946, -0.17948, 5.95078]
						},
						"0.2833": {
							"vector": [-0.0826, -0.31175, 5.38304]
						},
						"0.3833": {
							"vector": [-0.09656, -0.23283, 3.03491]
						},
						"0.5": {
							"vector": [-0.05, -0.225, 0.97]
						},
						"0.6": {
							"vector": [0, 0, 0]
						}
					}
				},
				"loader": {
					"position": {
						"0.0": {
							"vector": [0, 0, 0]
						},
						"0.1833": {
							"vector": [0, 0, 0]
						},
						"0.2667": {
							"vector": [0, 0, -18]
						},
						"0.45": {
							"vector": [0, 0, -18]
						},
						"0.55": {
							"vector": [0, 0, 0]
						}
					}
				},
				"glowy_new": {
					"position": {
						"vector": [0, 0, 0]
					},
					"scale": {
						"0.0": {
							"vector": [1, 1, 1]
						},
						"0.0167": {
							"vector": [0, 0, 0]
						},
						"0.45": {
							"vector": [0, 0, 0]
						},
						"0.5": {
							"vector": [1, 1, 1]
						}
					}
				},
				"glowy_new2": {
					"position": {
						"0.0": {
							"vector": [0, 0, 0]
						},
						"0.45": {
							"vector": [0, 0, 0]
						}
					},
					"scale": {
						"0.0": {
							"vector": [1, 1, 1]
						},
						"0.2": {
							"vector": [1, 1, 1]
						},
						"0.2667": {
							"vector": [0, 0, 0]
						},
						"0.45": {
							"vector": [0, 0, 0]
						},
						"0.5": {
							"vector": [1, 1, 1]
						}
					}
				}
			},
			"sound_effects": {
				"0.1833": {
					"effect": "doom_rl_unload"
				},
				"0.3833": {
					"effect": "doom_rl_load"
				}
			}
		},
		"animation.model.reload": {
			"loop": true,
			"animation_length": 1.9333,
			"bones": {
				"main": {
					"rotation": {
						"0.0": {
							"vector": [0, 0, 0]
						},
						"0.15": {
							"vector": [0.5, 0, 1.75]
						},
						"0.2833": {
							"vector": [0, 0, 0]
						},
						"0.4667": {
							"vector": [0.25, 0, 1.25]
						},
						"0.65": {
							"vector": [0, 0, 0.5]
						},
						"0.7667": {
							"vector": [0, 0, 1]
						},
						"0.8833": {
							"vector": [0, 0, 0.5]
						},
						"1.0167": {
							"vector": [0, 0, 0]
						}
					},
					"position": {
						"0.0": {
							"vector": [0, 0, 0]
						},
						"0.1": {
							"vector": [0, 0, -1]
						},
						"0.2167": {
							"vector": [0, 0, -0.025]
						},
						"0.3833": {
							"vector": [0, 0, -0.38]
						},
						"0.5667": {
							"vector": [0, 0, -0.28]
						},
						"0.7": {
							"vector": [0, 0, 0.22]
						},
						"0.8167": {
							"vector": [0, 0, -0.68]
						},
						"0.95": {
							"vector": [0, 0, 0],
							"easing": "easeInOutSine"
						}
					}
				},
				"loader": {
					"rotation": {
						"0.0": {
							"vector": [0, 0, 0]
						},
						"0.2333": {
							"vector": [0, 0, 0]
						},
						"0.3667": {
							"vector": [0, 0, 184.75]
						},
						"0.5": {
							"vector": [0, 0, 184.75]
						},
						"0.6667": {
							"vector": [0, 0, 0]
						},
						"0.7667": {
							"vector": [0, 0, 0]
						}
					},
					"position": {
						"0.0": {
							"vector": [0, 0, 0]
						},
						"0.1333": {
							"vector": [0, 0, -18]
						},
						"0.2333": {
							"vector": [0, 0, -19]
						},
						"0.3667": {
							"vector": [-0.07039, -0.84708, -19]
						},
						"0.5": {
							"vector": [-0.07039, -0.84708, -19]
						},
						"0.6667": {
							"vector": [0, 0, -18]
						},
						"0.7667": {
							"vector": [0, 0, 0]
						}
					}
				},
				"glowy_new": {
					"position": {
						"vector": [0, 0, 0]
					},
					"scale": {
						"0.0": {
							"vector": [1, 1, 1]
						},
						"0.0167": {
							"vector": [0, 0, 0]
						},
						"0.65": {
							"vector": [0, 0, 0]
						},
						"0.7333": {
							"vector": [1, 1, 1]
						}
					}
				},
				"glowy_new2": {
					"position": {
						"0.0": {
							"vector": [0, 0, 0]
						},
						"0.65": {
							"vector": [0, 0, 0]
						}
					},
					"scale": {
						"0.0": {
							"vector": [1, 1, 1]
						},
						"0.0667": {
							"vector": [0, 0, 0]
						},
						"0.65": {
							"vector": [0, 0, 0]
						},
						"0.7333": {
							"vector": [1, 1, 1]
						}
					}
				}
			},
			"sound_effects": {
				"0.0833": {
					"effect": "doom_rl_unload"
				},
				"0.1167": {
					"effect": "doom_rl_loadnew"
				},
				"0.6833": {
					"effect": "doom_rl_load"
				}
			}
		},
		"animation.model.draw": {
			"loop": true,
			"animation_length": 1.2,
			"bones": {
				"main": {
					"rotation": {
						"0.0": {
							"vector": [32.09413, -54.38778, -8.29667]
						},
						"0.2167": {
							"vector": [0.61618, -5.06852, 5.61674],
							"easing": "easeOutSine"
						},
						"0.3667": {
							"vector": [0.19925, -1.77208, -0.66935]
						},
						"0.4833": {
							"vector": [0.34213, -0.59218, -3.90586],
							"easing": "linear"
						},
						"0.6": {
							"vector": [0, 0, 0],
							"easing": "easeOutSine"
						}
					},
					"position": {
						"0.0": {
							"vector": [0, -17.3, 0]
						},
						"0.1167": {
							"vector": [-0.03, -9.09, 0.045]
						},
						"0.3333": {
							"vector": [-0.04, -1.605, -5.73]
						},
						"0.45": {
							"vector": [-0.01086, -0.77709, -1.79991],
							"easing": "linear"
						},
						"0.5833": {
							"vector": [0, 0, 0],
							"easing": "easeOutSine"
						}
					}
				}
			},
			"sound_effects": {
				"0.0": {
					"effect": "launcher_draw"
				}
			}
		},
		"animation.model.inspect": {
			"loop": true,
			"animation_length": 3,
			"bones": {
				"main": {
					"rotation": {
						"0.0": {
							"vector": [0, 0, 0]
						},
						"0.3333": {
							"vector": [-8.085, -16.68894, -29.24165]
						},
						"0.5667": {
							"vector": [-8.77652, -21.21647, -30.72851]
						},
						"0.7667": {
							"vector": [-9.4227, -20.94881, -28.93303]
						},
						"1.0": {
							"vector": [-6.68338, -20.16796, -36.33237]
						},
						"1.1333": {
							"vector": [-4.75242, -20.69004, -41.90729]
						},
						"1.2333": {
							"vector": [-4.48153, -20.99676, -42.66931]
						},
						"1.4": {
							"vector": [-4.01131, -21.08802, -43.97908]
						},
						"1.5": {
							"vector": [-5.2484, -20.82579, -40.52086]
						},
						"1.6": {
							"vector": [-4.38767, -21.01662, -42.9316]
						},
						"1.7333": {
							"vector": [-5.33229, -20.80719, -40.28597],
							"easing": "linear"
						},
						"1.85": {
							"vector": [-4.01131, -21.08802, -43.97908]
						},
						"1.95": {
							"vector": [-5.29095, -19.04081, -40.17245]
						},
						"2.25": {
							"vector": [-0.2343, -1.79668, -0.01395],
							"easing": "easeInOutSine"
						},
						"2.4167": {
							"vector": [-0.22449, 0.01316, -3.16314],
							"easing": "easeInSine"
						},
						"2.5167": {
							"vector": [0, 0, 0],
							"easing": "easeOutSine"
						}
					},
					"position": {
						"0.0": {
							"vector": [0, 0, 0]
						},
						"0.15": {
							"vector": [0.09922, -2.10379, -2.5191]
						},
						"0.2167": {
							"vector": [-0.01, -2.385, -4.25]
						},
						"0.2833": {
							"vector": [-0.11, -2.02, -5.99]
						},
						"0.35": {
							"vector": [-0.14, -1.51, -7.395]
						},