{
	"format_version": "1.8.0",
	"animations": {
		"animation.model.draw": {
			"loop": true,
			"animation_length": 1.2,
			"bones": {
				"main": {
					"rotation": {
						"0.0": {
							"vector": [32.09413, -54.38778, -8.29667]
						},
						"0.35": {
							"vector": [0.50518, -5.08075, 6.8716],
							"easing": "easeOutSine"
						},
						"0.5": {
							"vector": [0.32389, -0.60235, -2.1558],
							"easing": "linear"
						},
						"0.6": {
							"vector": [0, 0, 0],
							"easing": "linear"
						}
					},
					"position": {
						"0.0": {
							"vector": [0, -17.3, 0]
						},
						"0.25": {
							"vector": [-0.4, -2.525, -1.625],
							"easing": "linear"
						},
						"0.4": {
							"vector": [-0.05, 0, -2.49],
							"easing": "linear"
						},
						"0.55": {
							"vector": [0, 0, 0],
							"easing": "linear"
						}
					}
				},
				"leftarm": {
					"rotation": {
						"0.0": {
							"vector": [0, 0, 0]
						},
						"0.2": {
							"vector": [1, 0, -22]
						},
						"0.4": {
							"vector": [0, 0, 0]
						}
					},
					"position": {
						"0.0": {
							"vector": [0, 0, 0]
						},
						"0.2": {
							"vector": [3.53901, 3.6754, 5.59783]
						},
						"0.4": {
							"vector": [0, 0, 0]
						}
					}
				}
			}
		},
		"animation.model.inspect": {
			"loop": true,
			"animation_length": 2.4,
			"bones": {
				"main": {
					"rotation": {
						"0.0": {
							"vector": [0, 0, 0]
						},
						"0.1667": {
							"vector": [-8.41746, -13.59608, -21.21259],
							"easing": "linear"
						},
						"0.3": {
							"vector": [-8.39812, -20.10111, -31.77688]
						},
						"0.4333": {
							"vector": [-9.55676, -20.88889, -28.55629]
						},
						"0.5333": {
							"vector": [-8.77652, -21.21647, -30.72851]
						},
						"0.7667": {
							"vector": [-9.4227, -20.94881, -28.93303]
						},
						"1.0": {
							"vector": [-3.1216, -20.98207, -46.44405]
						},
						"1.1333": {
							"vector": [-4.564, -20.73064, -42.44007]
						},
						"1.2333": {
							"vector": [-4.86325, -20.9153, -41.60203]
						},
						"1.3333": {
							"vector": [-4.58308, -20.97575, -42.38574]
						},
						"1.4667": {
							"vector": [-4.01131, -21.08802, -43.97908]
						},
						"1.6": {
							"vector": [-4.38767, -21.01662, -42.9316]
						},
						"1.7": {
							"vector": [-4.18847, -21.05622, -43.48691],
							"easing": "linear"
						},
						"1.9333": {
							"vector": [0, -1.75, -2.75]
						},
						"2.1333": {
							"vector": [0, 0, 0]
						}
					},
					"position": {
						"0.0": {
							"vector": [0, 0, 0]
						},
						"0.3": {
							"vector": [-0.475, 1.475, -13.7]
						},
						"0.4": {
							"vector": [-0.195, 1, -12.7]
						},
						"0.5333": {
							"vector": [-0.03, 0.725, -12.7]
						},
						"0.7": {
							"vector": [0, 1.125, -12.7]
						},
						"0.9": {
							"vector": [0.125, 1.4, -13.275]
						},
						"1.2": {
							"vector": [-0.02, 1.475, -13]
						},
						"1.4": {
							"vector": [0.11, 1.425, -13.175]
						},
						"1.6667": {
							"vector": [0.275, 1.25, -12.975]
						},
						"1.8": {
							"vector": [-0.13, -1.19, -8.65]
						},
						"2.0333": {
							"vector": [0, 0, 0]
						}
					}
				},
				"leftarm": {
					"rotation": {
						"0.0": {
							"vector": [0, 0, 0]
						},
						"0.2667": {
							"vector": [47.98371, 75.72089, 19.49742]
						}
					},
					"position": {
						"0.0": {
							"vector": [0, 0, 0]
						},
						"0.2667": {
							"vector": [11.79625, -16.30262, 17.31517]
						}
					}
				}
			}
		},
		"animation.model.reload": {
			"loop": true,
			"animation_length": 2.06667,
			"bones": {
				"main": {
					"rotation": {
						"0.0": {
							"vector": [0, 0, 0]
						},
						"0.1": {
							"vector": [0, -1.25, -4.5]
						},
						"0.1667": {
							"vector": [0.76476, -0.45084, -7.49984]
						},
						"0.2667": {
							"vector": [0.67332, 0.8809, 6.01731]
						},
						"0.4": {
							"vector": [0.63815, 0.40669, 3.76161],
							"easing": "linear"
						},
						"0.6333": {
							"vector": [-12.57446, -6.35007, -20.26546],
							"easing": "linear"
						},
						"0.7667": {
							"vector": [-15.24564, -8.55153, -20.74169]
						},
						"0.8333": {
							"vector": [-15.5265, -8.02084, -18.79303]
						},
						"0.9333": {
							"vector": [-14.98469, -9.0079, -22.45117]
						},
						"1.0": {
							"vector": [-15.3884, -8.28737, -19.7667]
						},
						"1.1333": {
							"vector": [-15.02283, -8.94318, -22.2067]
						},
						"1.2333": {
							"vector": [-13.88089, -6.75615, -19.8503]
						},
						"1.3333": {
							"vector": [-7.64181, -2.48237, -14.66484]
						},
						"1.4667": {
							"vector": [-3.82034, 0.75437, -7.46568]
						},
						"1.6333": {
							"vector": [0, 0, 0]
						}
					},
					"position": {
						"0.0": {
							"vector": [0, 0, 0]
						},
						"0.0667": {
							"vector": [0, 0.8, -3.95]
						},
						"0.1667": {
							"vector": [0.275, 1.975, -4.625]
						},
						"0.2667": {
							"vector": [-1.095, -1.655, -4.85]
						},
						"0.3667": {
							"vector": [-0.365, -0.18, -5.025],
							"easing": "linear"
						},
						"0.6": {
							"vector": [-1.645, 0.245, -19.88],
							"easing": "linear"
						},
						"0.7667": {
							"vector": [-1.715, 0.625, -21.725]
						},
						"0.8667": {
							"vector": [-1.71, 0.655, -22.245]
						},
						"0.9667": {
							"vector": [-1.71, 2.055, -22.39]
						},
						"1.0667": {
							"vector": [-1.835, 0.63, -22.69]
						},
						"1.1667": {
							"vector": [-1.965, 0.28, -23.91]
						},
						"1.3": {
							"vector": [-1.61, 0.63, -27.93]
						},
						"1.4": {
							"vector": [-0.845, 0.36, -18.285]
						},
						"1.5667": {
							"vector": [0, 0, 0]
						}
					}
				},
				"magazine": {
					"rotation": {
						"0.0": {
							"vector": [0, 0, 0]
						},
						"0.1667": {
							"vector": [0, 0, 0]
						},
						"0.3": {
							"vector": [0, 0, 0]
						},
						"0.5333": {
							"vector": [0, 0, 0]
						},
						"0.6667": {
							"vector": [-5.16383, -1.24751, -7.90276]
						},
						"0.7667": {
							"vector": [-4.61733, -1.42673, -9.89526]
						},
						"0.8333": {
							"vector": [0, 0, 0]
						},
						"1.0": {
							"vector": [0, 0, 0]
						}
					},
					"position": {
						"0.0": {
							"vector": [0, 0, 0]
						},
						"0.1667": {
							"vector": [0, 0, 0]
						},
						"0.3": {
							"vector": [0, -30.975, 0]
						},
						"0.5333": {
							"vector": [0, -30.975, 0]
						},
						"0.6667": {
							"vector": [3.4, -6.645, -1.75]
						},
						"0.7667": {
							"vector": [3.4, -7.79, -1.375]
						},
						"0.8333": {
							"vector": [0, -7.35, 0]
						},
						"0.9": {
							"vector": [0, -5.65, 0]
						},
						"1.0": {
							"vector": [0, 0, 0]
						}
					}
				},
				"leftarm": {
					"rotation": {
						"0.0": {
							"vector": [0, 0, 0]
						},
						"0.2667": {
							"vector": [47.98371, 75.72089, 19.49742]
						},
						"0.5333": {
							"vector": [43.04948, 34.05663, 18.85755]
						},
						"0.6667": {
							"vector": [-13.99717, -3.85757, 11.87477]
						},
						"0.7667": {
							"vector": [-13.99717, -3.85757, 11.87477]
						},
						"0.8333": {
							"vector": [-16.00614, -7.6518, 15.5132]
						},
						"0.9": {
							"vector": [-18.75614, -7.6518, 15.5132]
						},
						"1.0": {
							"vector": [-18.75614, -7.6518, 15.5132]
						},
						"1.1333": {
							"vector": [-18.75614, -7.6518, 15.5132]
						},
						"1.4333": {
							"vector": [0, 0, 0]
						}
					},
					"position": {
						"0.0": {
							"vector": [0, 0, 0]
						},
						"0.2667": {
							"vector": [11.79625, -16.30262, 17.31517]
						},
						"0.5333": {
							"vector": [3.23766, -21.20767, 22.19466]
						},
						"0.6667": {
							"vector": [0.00409, -22.30988, 14.31394]
						},
						"0.7667": {
							"vector": [-0.02093, -23.3847, 14.60617]
						},