{
	"format_version": "1.8.0",
	"animations": {
		"animation.model.draw": {
			"loop": true,
			"animation_length": 1.2,
			"bones": {
				"main": {
					"rotation": {
						"0.0": {
							"vector": [18.3516, -10.6923, 15.19687]
						},
						"0.2": {
							"vector": [1.75167, -2.49883, -4.07639]
						},
						"0.35": {
							"vector": [0.58201, -1.04064, 2.6563]
						},
						"0.45": {
							"vector": [0.34258, 0.38164, 0.59987]
						},
						"0.55": {
							"vector": [0, 0, 0]
						}
					},
					"position": {
						"0.0": {
							"vector": [0, -17.3, 10]
						},
						"0.1": {
							"vector": [0, -7.41, -4.07]
						},
						"0.2": {
							"vector": [-0.4, -1.2, -7.75]
						},
						"0.3": {
							"vector": [0.4, 0, 1.6]
						},
						"0.5": {
							"vector": [0, 0, 0]
						}
					}
				},
				"leftarm": {
					"rotation": {
						"0.0": {
							"vector": [0, 0, 0]
						},
						"0.2": {
							"vector": [1, 0, -22]
						},
						"0.4": {
							"vector": [0, 0, 0]
						}
					},
					"position": {
						"0.0": {
							"vector": [0, 0, 0]
						},
						"0.2": {
							"vector": [3.53901, 3.6754, 5.59783]
						},
						"0.4": {
							"vector": [0, 0, 0]
						}
					}
				},
				"_camera_": {
					"rotation": {
						"0.0": {
							"vector": [0, 0, 0]
						},
						"0.1833": {
							"vector": [0.55295, -1.14692, -1.62122],
							"easing": "easeInOutSine"
						},
						"0.3333": {
							"vector": [0.99923, 0.00539, -0.45643]
						},
						"0.55": {
							"vector": [0, 0, 0],
							"easing": "easeOutSine"
						}
					}
				}
			},
			"sound_effects": {
				"0.0": {
					"effect": "pistol_draw"
				}
			}
		},
		"animation.model.inspect": {
			"loop": true,
			"animation_length": 4.8,
			"bones": {
				"main": {
					"rotation": {
						"0.0": {
							"vector": [0, 0, 0]
						},
						"0.1667": {
							"vector": [-9.10467, -25.95159, -19.19327],
							"easing": "linear"
						},
						"0.3": {
							"vector": [-9.18088, -30.72584, -29.96084]
						},
						"0.4333": {
							"vector": [-11.10933, -36.38799, -25.34713]
						},
						"0.5333": {
							"vector": [-10.06514, -35.52384, -28.03806]
						},
						"0.6667": {
							"vector": [-10.33412, -34.23121, -27.1616]
						},
						"0.7333": {
							"vector": [-7.06951, -34.29877, -34.53084]
						},
						"0.8667": {
							"vector": [-6.86741, -33.37499, -34.52432]
						},
						"1.0333": {
							"vector": [-9.57194, -32.7075, -30.3678]
						},
						"1.3333": {
							"vector": [-5.12916, -33.43138, -41.1983],
							"easing": "easeInOutSine"
						},
						"1.4667": {
							"vector": [-4.49196, -33.554, -42.93807]
						},
						"1.6": {
							"vector": [-4.91154, -33.47594, -41.79411]
						},
						"2.0333": {
							"vector": [-15.01528, 9.53318, 68.94603],
							"easing": "easeInOutSine"
						},
						"2.1667": {
							"vector": [-13.25936, 9.51163, 74.71344]
						},
						"2.2333": {
							"vector": [-13.48829, 9.60137, 74.4199]
						},
						"2.3": {
							"vector": [-14.38344, 8.65885, 69.9501]
						},
						"2.4333": {
							"vector": [-13.30134, 11.29602, 79.10887]
						},
						"2.5667": {
							"vector": [-13.61291, 10.91624, 77.49153]
						},
						"2.7333": {
							"vector": [-13.29499, 11.30318, 79.14045]
						},
						"2.9": {
							"vector": [-13.06372, 11.56958, 80.30366]
						},
						"3.0833": {
							"vector": [-13.14455, 11.47839, 79.90168]
						},
						"3.4667": {
							"vector": [-5.32205, -31.37417, -40.56519],
							"easing": "easeInOutSine"
						},
						"3.5667": {
							"vector": [-5.12916, -33.43138, -41.1983],
							"easing": "easeInSine"
						},
						"3.6333": {
							"vector": [-4.81056, -33.49269, -42.06818]
						},
						"3.7": {
							"vector": [-8.24023, -32.91556, -36.10484]
						},
						"3.8": {
							"vector": [-5.12449, -33.40938, -41.49292]
						},
						"3.8667": {
							"vector": [-2.09092, -33.73568, -46.88796]
						},
						"4.15": {
							"vector": [1.67233, -1.87104, 9.11475],
							"easing": "easeOutSine"
						},
						"4.3": {
							"vector": [-1.21647, -0.87115, -4.62094],
							"easing": "easeInOutSine"
						},
						"4.3833": {
							"vector": [0, 0, 0],
							"easing": "easeOutSine"
						}
					},
					"position": {
						"0.0": {
							"vector": [0, 0, 0]
						},
						"0.2667": {
							"vector": [-0.475, 3.35, -8.7],
							"easing": "easeInSine"
						},
						"0.4": {
							"vector": [-0.195, 0.25, -7.7],
							"easing": "easeInOutSine"
						},
						"0.5667": {
							"vector": [-0.03, 1.5, -7.7],
							"easing": "easeInSine"
						},
						"0.7333": {
							"vector": [-0.34, 1.01, -7.935]
						},
						"0.8333": {
							"vector": [0.055, 1.36, -8.72]
						},
						"0.95": {
							"vector": [-0.125, 1.4, -8.275]
						},
						"1.2": {
							"vector": [-0.52, 1.475, -8]
						},
						"1.4": {
							"vector": [-0.39, 1.425, -8.175]
						},
						"1.6667": {
							"vector": [-0.225, 1.25, -7.975]
						},
						"1.9667": {
							"vector": [2.455, -4.725, -6.15],
							"easing": "easeInOutSine"
						},
						"2.1333": {
							"vector": [2.585, -3.395, -5.545]
						},
						"2.2667": {
							"vector": [2.475, -3.63, -4.17]
						},
						"2.4": {
							"vector": [2.435, -3.43, -4.25]
						},
						"2.5667": {
							"vector": [2.545, -3.425, -4.24]
						},
						"2.7667": {
							"vector": [2.47, -3.5, -4.27]
						},
						"3.0": {
							"vector": [2.51, -3.41, -4.3]
						},
						"3.2333": {
							"vector": [2.455, -3.325, -4.325],
							"easing": "easeInSine"
						},
						"3.4667": {
							"vector": [-0.52, 1.075, -8],
							"easing": "easeOutSine"
						},
						"3.6333": {
							"vector": [-0.39, 1.425, -8.175]
						},
						"3.7": {
							"vector": [-0.175, 1.38, -8.87]
						},
						"3.8": {
							"vector": [-0.46, 1.27, -7.57]
						},
						"3.9": {
							"vector": [-0.45, 1.15, -7.575]
						},
						"4.15": {
							"vector": [-0.16, -1.925, -6.245],
							"easing": "easeInOutSine"
						},
						"4.3833": {
							"vector": [0, 0, 0],
							"easing": "easeInOutSine"
						}
					}
				},
				"leftarm": {
					"rotation": {
						"0.0": {
							"vector": [0, 0, 0]
						},
						"0.1667": {
							"vector": [0, 0, -2.5]
						},
						"1.7333": {
							"vector": [0, 0, -2.5]
						},
						"2.0333": {
							"vector": [40.04474, 32.12591, -85.41336]
						},
						"3.3": {
							"vector": [40.04474, 32.12591, -85.41336]
						},
						"3.5667": {
							"vector": [0, 0, 0]
						}
					},
					"position": {
						"0.0": {
							"vector": [0, 0, 0]
						},
						"0.1667": {
							"vector": [11.23986, -30.20851, 24.64864]
						},
						"1.7333": {
							"vector": [11.23986, -30.20851, 24.64864]
						},
						"2.0333": {
							"vector": [25.67676, 21.94955, 1.30539]
						},
						"3.3": {
							"vector": [25.67676, 21.94955, 1.30539]
						},
						"3.5667": {
							"vector": [0, 0, 0]
						}
					}
				},
				"rightarm": {
					"rotation": {
						"0.0": {
							"vector": [0, 0, 0]
						},
						"0.2333": {
							"vector": [-1.33627, 1.7593, 3.45399]
						},
						"0.5667": {
							"vector": [-1.33627, 1.7593, 3.45399]
						},
						"0.6667": {
							"vector": [-2.41989, 1.49658, 8.83911]
						},
						"0.7333": {
							"vector": [-2.41989, 1.49658, 8.83911]
						},
						"0.8667": {
							"vector": [-6.02043, 1.53282, 8.09633]
						},
						"1.7": {
							"vector": [-6.02043, 1.53282, 8.09633]
						},
						"2.0333": {
							"vector": [-4.86179, 33.49794, 3.19974]
						},
						"3.1667": {
							"vector": [-4.86179, 33.49794, 3.19974]
						},
						"3.4333": {
							"vector": [-6.02043, 1.53282, 8.09633]
						},
						"3.9667": {
							"vector": [-6.02043, 1.53282, 8.09633]
						},
						"4.1667": {
							"vector": [0, 0, 0]
						}
					},
					"position": {
						"0.0": {
							"vector": [0, 0, 0]
						},